Ref,TempExp,TempExpNum,Pop,Tpop,Predpop,Mortality,InWeight,OutWeight,Deg_Weight,MeanPopT_Deg_Weight,Deg_Pourc,Deg_PourcPT,DecompRate,MeanPopT_DecompRate,DecompRateCorr,MeanPopT_DecompRateCorr,DecompRatePerDCorr,MeanPopT_DecompRatePerDCorr,DecompRatePerDPerAzCorr,MeanPopT_DecompRatePerDPerAzCorr,MeanMassPop,MeanSizePop,MeanSlopePopPTDec,MeanSlopePopPTDecPos
T05b_A12,T05,5,A1,Ambiant,Ctrl,1,1.01,0.78,0.23,0.22,"227,722,772,277,228","215,732,452,742,704","227,722,772,277,228","143,980,569,234,586","130,574,182,277,228","118,583,862,742,704",0.768083425,0.697552134,0.076808343,0.069755213,"153,881,981","1,275,761,905",-0.008025552,0.008025552
T05d_A11,T05,5,A1,Ambiant,Ctrl,1,1.02,0.81,0.21,0.22,"205,882,352,941,176","215,732,452,742,704","205,882,352,941,176","143,980,569,234,586","108,733,762,941,176","118,583,862,742,704",0.63961037,0.697552134,0.063961037,0.069755213,"153,881,981","1,275,761,905",-0.008025552,0.008025552
T05d_A13,T05,5,A1,Ambiant,Ctrl,2,1.03,0.81,0.22,0.22,"213,592,233,009,709","215,732,452,742,704","213,592,233,009,709","143,980,569,234,586","116,443,643,009,709","118,583,862,742,704",0.684962606,0.697552134,0.068496261,0.069755213,"153,881,981","1,275,761,905",-0.008025552,0.008025552
T15a_A13,T15,15,A1,Ambiant,Ctrl,1,1.01,0.7,0.31,0.29,"306,930,693,069,307","285,316,766,970,815","306,930,693,069,307","285,316,766,970,815","162,949,993,069,307","141,336,066,970,815",0.958529371,0.831388629,0.095852937,0.083138863,"153,881,981","1,275,761,905",-0.007206653,0.007206653
T15c_A12,T15,15,A1,Ambiant,Ctrl,1,1.02,0.72,0.3,0.29,"294,117,647,058,824",NA,"294,117,647,058,824","285,316,766,970,815","150,136,947,058,824","141,336,066,970,815",0.883158512,0.831388629,0.088315851,0.083138863,"153,881,981","1,275,761,905",-0.007206653,0.007206653
T15d_A11,T15,15,A1,Ambiant,Ctrl,2,1.02,0.76,0.26,0.29,"254,901,960,784,314",NA,"254,901,960,784,314","285,316,766,970,815","110,921,260,784,314","141,336,066,970,815",0.652478005,0.831388629,0.0652478,0.083138863,"153,881,981","1,275,761,905",-0.007206653,0.007206653
T27a_A13,T27,27,A1,Ambiant,Ctrl,0,1.02,0.59,0.43,0.41,"42,156,862,745,098","398,208,959,959,388","42,156,862,745,098","398,208,959,959,388","324,420,037,450,981","301,060,369,959,388","190,835,316,147,636","177,094,335,270,228",0.190835316,0.177094335,"153,881,981","1,275,761,905",-0.007675505,0.007675505
T27b_A11,T27,27,A1,Ambiant,Ctrl,2,1.04,0.65,0.39,0.41,37.5,NA,37.5,"398,208,959,959,388","27,785,141","301,060,369,959,388","163,442,005,882,353","177,094,335,270,228",0.163442006,0.177094335,"153,881,981","1,275,761,905",-0.007675505,0.007675505
T27c_A12,T27,27,A1,Ambiant,Ctrl,1,1.03,0.62,0.41,0.41,"398,058,252,427,184",NA,"398,058,252,427,185","398,208,959,959,388","300,909,662,427,184","301,060,369,959,388","177,005,683,780,697","177,094,335,270,228",0.177005684,0.177094335,"153,881,981","1,275,761,905",-0.007675505,0.007675505
T05b_B11,T05,5,B1,Warm,Ctrl,3,1.02,0.81,0.21,0.196666667,"205,882,352,941,176","189,842,347,195,288","205,882,352,941,176","189,842,347,195,288","108,733,762,941,176","926,937,571,952,884",0.63961037,0.545257395,0.063961037,0.05452574,"1,938,958","140,175",-0.004626657,0.004626657
T05c_B13,T05,5,B1,Warm,Ctrl,2,1.04,0.85,0.19,0.196666667,"182,692,307,692,308","189,842,347,195,288","182,692,307,692,308","189,842,347,195,288","855,437,176,923,077","926,937,571,952,884",0.503198339,0.545257395,0.050319834,0.05452574,"1,938,958","140,175",-0.004626657,0.004626657
T05d_B12,T05,5,B1,Warm,Ctrl,3,1.05,0.86,0.19,0.196666667,"180,952,380,952,381","189,842,347,195,288","180,952,380,952,381","189,842,347,195,288","83,803,790,952,381","926,937,571,952,884",0.492963476,0.545257395,0.049296348,0.05452574,"1,938,958","140,175",-0.004626657,0.004626657
T15a_B11,T15,15,B1,Warm,Ctrl,2,1.02,0.75,0.27,0.266666667,"264,705,882,352,941","261,614,767,987,364","264,705,882,352,941","261,614,767,987,364","120,725,182,352,941","117,634,067,987,364",0.710148131,0.691965106,0.071014813,0.069196511,"1,938,958","140,175",-0.003276716,0.003276716
T15b_B12,T15,15,B1,Warm,Ctrl,0,1.01,0.72,0.29,0.266666667,"287,128,712,871,287",NA,"287,128,712,871,287","261,614,767,987,364","143,148,012,871,287","117,634,067,987,364",0.842047135,0.691965106,0.084204713,0.069196511,"1,938,958","140,175",-0.003276716,0.003276716
T15c_B13,T15,15,B1,Warm,Ctrl,2,1.03,0.79,0.24,0.266666667,"233,009,708,737,864",NA,"233,009,708,737,864","261,614,767,987,364","89,029,008,737,864","117,634,067,987,364",0.523700051,0.691965106,0.052370005,0.069196511,"1,938,958","140,175",-0.003276716,0.003276716
T27a_B13,T27,27,B1,Warm,Ctrl,0,1.07,0.58,0.49,0.483333333,"457,943,925,233,645","453,065,303,003,585","457,943,925,233,645","453,065,303,003,586","360,795,335,233,645","355,916,713,003,586","212,232,550,137,438","20,936,277,235,505",0.21223255,0.209362772,"1,938,958","140,175",-0.007516211,0.007516211
T27b_B11,T27,27,B1,Warm,Ctrl,0,1.07,0.57,0.5,0.483333333,"467,289,719,626,168",NA,"467,289,719,626,168","453,065,303,003,586","370,141,129,626,168","355,916,713,003,586","217,730,076,250,687","20,936,277,235,505",0.217730076,0.209362772,"1,938,958","140,175",-0.007516211,0.007516211
T27d_B12,T27,27,B1,Warm,Ctrl,1,1.06,0.6,0.46,0.483333333,"433,962,264,150,943",NA,"433,962,264,150,944","453,065,303,003,586","336,813,674,150,943","355,916,713,003,586","198,125,690,677,026","20,936,277,235,505",0.198125691,0.209362772,"1,938,958","140,175",-0.007516211,0.007516211
T05a_B23,T05,5,B2,Ambiant,Ctrl,2,1.03,0.82,0.21,0.223333333,"203,883,495,145,631","214,817,086,904,466","203,883,495,145,631","214,817,086,904,466","106,734,905,145,631","117,668,496,904,466",0.627852383,0.692167629,0.062785238,0.069216763,"1,958,014","140,775",-0.007979195,0.007979195
T05c_B22,T05,5,B2,Ambiant,Ctrl,3,1.05,0.86,0.19,0.223333333,"180,952,380,952,381","214,817,086,904,466","180,952,380,952,381","214,817,086,904,466","83,803,790,952,381","117,668,496,904,466",0.492963476,0.692167629,0.049296348,0.069216763,"1,958,014","140,775",-0.007979195,0.007979195
T05d_B21,T05,5,B2,Ambiant,Ctrl,0,1.04,0.77,0.27,0.223333333,"259,615,384,615,385","214,817,086,904,466","259,615,384,615,385","214,817,086,904,466","162,466,794,615,385","117,668,496,904,466",0.955687027,0.692167629,0.095568703,0.069216763,"1,958,014","140,775",-0.007979195,0.007979195
T15b_B23,T15,15,B2,Ambiant,Ctrl,2,1.05,0.79,0.26,0.26,"247,619,047,619,048","252,474,323,062,558","247,619,047,619,048","252,474,323,062,558","103,638,347,619,048","108,493,623,062,558",0.609637339,0.638197783,0.060963734,0.063819778,"1,958,014","140,775",-0.007270558,0.007270558
T15c_B22,T15,15,B2,Ambiant,Ctrl,2,1.02,0.75,0.27,0.26,"264,705,882,352,941",NA,"264,705,882,352,941","252,474,323,062,558","120,725,182,352,941","108,493,623,062,558",0.710148131,0.638197783,0.071014813,0.063819778,"1,958,014","140,775",-0.007270558,0.007270558
T15d_B21,T15,15,B2,Ambiant,Ctrl,2,1.02,0.77,0.25,0.26,"245,098,039,215,686",NA,"245,098,039,215,686","252,474,323,062,558","101,117,339,215,686","108,493,623,062,558",0.594807878,0.638197783,0.059480788,0.063819778,"1,958,014","140,775",-0.007270558,0.007270558
T27b_B21,T27,27,B2,Ambiant,Ctrl,2,1.04,0.65,0.39,0.416666667,37.5,"400,728,155,339,806",37.5,"400,728,155,339,806","27,785,141","303,579,565,339,806","163,442,005,882,353","178,576,214,905,768",0.163442006,0.170794947,"1,958,014","140,775",-0.008889823,0.008889823
T27c_B22,T27,27,B2,Ambiant,Ctrl,1,1.05,0.63,0.42,0.416666667,40,NA,40,"400,728,155,339,806","30,285,141","303,579,565,339,806","178,147,888,235,294","178,576,214,905,768",0.178147888,0.170794947,"1,958,014","140,775",-0.008889823,0.008889823
T27d_B23,T27,27,B2,Ambiant,Ctrl,1,1.03,0.59,0.44,0.416666667,"427,184,466,019,417",NA,"427,184,466,019,418","400,728,155,339,806","330,035,876,019,417","303,579,565,339,806","194,138,750,599,657","178,576,214,905,768",0.194138751,0.170794947,"1,958,014","140,775",-0.008889823,0.008889823
T05a_B42,T05,5,B4,Ambiant,Pred,2,1.01,0.83,0.18,0.203333333,"178,217,821,782,178","197,895,261,224,236","178,217,821,782,178","197,895,261,224,236","810,692,317,821,783","100,746,671,224,236",0.476877834,0.592627478,0.047687783,0.059262748,"2,149,765","1,468,125",-0.003852235,0.003852235
T05b_B43,T05,5,B4,Ambiant,Pred,2,1.06,0.84,0.22,0.203333333,"207,547,169,811,321","197,895,261,224,236","207,547,169,811,321","197,895,261,224,236","110,398,579,811,321","100,746,671,224,236",0.649403411,0.592627478,0.064940341,0.059262748,"2,149,765","1,468,125",-0.003852235,0.003852235
T05d_B41,T05,5,B4,Ambiant,Pred,2,1.01,0.8,0.21,0.203333333,"207,920,792,079,208","197,895,261,224,236","207,920,792,079,208","197,895,261,224,236","110,772,202,079,208","100,746,671,224,236",0.651601189,0.592627478,0.065160119,0.059262748,"2,149,765","1,468,125",-0.003852235,0.003852235
T15a_B42,T15,15,B4,Ambiant,Pred,1,1,0.73,0.27,0.273333333,27,"268,757,298,806,804",27,"268,757,298,806,804","1,260,193","124,776,598,806,804",0.74129,0.733979993,0.074129,0.073397999,"2,149,765","1,468,125",-0.004013482,0.004013482
T15b_B43,T15,15,B4,Ambiant,Pred,0,1.04,0.75,0.29,0.273333333,"278,846,153,846,154",NA,"278,846,153,846,154","268,757,298,806,804","134,865,453,846,154","124,776,598,806,804",0.793326199,0.733979993,0.07933262,0.073397999,"2,149,765","1,468,125",-0.004013482,0.004013482
T15c_B41,T15,15,B4,Ambiant,Pred,2,1.01,0.75,0.26,0.273333333,"257,425,742,574,257",NA,"257,425,742,574,257","268,757,298,806,804","113,445,042,574,257","124,776,598,806,804",0.66732378,0.733979993,0.066732378,0.073397999,"2,149,765","1,468,125",-0.004013482,0.004013482
T27b_B43,T27,27,B4,Ambiant,Pred,2,1.05,0.66,0.39,0.366666667,"371,428,571,428,571","349,015,135,807,589","371,428,571,428,571","349,015,135,807,589","274,279,981,428,571","251,866,545,807,589","161,341,165,546,219","148,156,791,651,523",0.161341166,0.148156792,"2,149,765","1,468,125",-0.008230886,0.008230886
T27c_B42,T27,27,B4,Ambiant,Pred,2,1.04,0.72,0.32,0.366666667,"307,692,307,692,308",NA,"307,692,307,692,308","349,015,135,807,589","210,543,717,692,308","251,866,545,807,589","123,849,245,701,358","148,156,791,651,523",0.123849246,0.148156792,"2,149,765","1,468,125",-0.008230886,0.008230886
T27d_B41,T27,27,B4,Ambiant,Pred,1,1.06,0.67,0.39,0.366666667,"367,924,528,301,887",NA,"367,924,528,301,887","349,015,135,807,589","270,775,938,301,887","251,866,545,807,589","159,279,963,706,992","148,156,791,651,523",0.159279964,0.148156792,"2,149,765","1,468,125",-0.008230886,0.008230886
T05a_B53,T05,5,B5,Warm,Pred,2,1.02,0.84,0.18,0.213333333,"176,470,588,235,294","207,236,227,824,463","176,470,588,235,294","207,236,227,824,463","793,219,982,352,942","110,087,637,824,463",0.46659999,0.64757434,0.046659999,0.064757434,"1,882,738,927","138,404,878",-0.006107721,0.006107721
T05a_B51,T05,5,B5,Warm,Pred,3,1,0.85,0.15,0.213333333,15,"207,236,227,824,463",15,"207,236,227,824,463","5,285,141","110,087,637,824,463",0.310890647,0.64757434,0.031089065,0.064757434,"1,882,738,927","138,404,878",-0.006107721,0.006107721
T05b_B52,T05,5,B5,Warm,Pred,0,1.05,0.74,0.31,0.213333333,"295,238,095,238,095","207,236,227,824,463","295,238,095,238,095","207,236,227,824,463","198,089,505,238,095","110,087,637,824,463","11,652,323,837,535",0.64757434,0.116523238,0.064757434,"1,882,738,927","138,404,878",-0.006107721,0.006107721
T15b_B53,T15,15,B5,Warm,Pred,0,1.04,0.72,0.32,0.306666667,"307,692,307,692,308","293,040,293,040,293","307,692,307,692,308","293,040,293,040,293","163,711,607,692,308","149,059,593,040,293",0.963009457,0.876821136,0.096300946,0.087682114,"1,882,738,927","138,404,878",-0.004082042,0.004082042
T15c_B52,T15,15,B5,Warm,Pred,1,1.05,0.76,0.29,0.306666667,"276,190,476,190,476",NA,"276,190,476,190,476","293,040,293,040,293","132,209,776,190,476","149,059,593,040,293",0.777704566,0.876821136,0.077770457,0.087682114,"1,882,738,927","138,404,878",-0.004082042,0.004082042
T15d_B51,T15,15,B5,Warm,Pred,1,1.05,0.74,0.31,0.306666667,"295,238,095,238,095",NA,"295,238,095,238,095","293,040,293,040,293","151,257,395,238,095","149,059,593,040,293",0.889749384,0.876821136,0.088974938,0.087682114,"1,882,738,927","138,404,878",-0.004082042,0.004082042
T27a_B53,T27,27,B5,Warm,Pred,1,1.02,0.63,0.39,0.383333333,"382,352,941,176,471","376,949,459,651,848","382,352,941,176,471","376,949,459,651,848","285,204,351,176,471","279,800,869,651,848","167,767,265,397,924","164,588,746,854,028",0.167767265,0.164588747,"1,882,738,927","138,404,878",-0.013776614,0.013776614
T27b_B52,T27,27,B5,Warm,Pred,1,1.01,0.66,0.35,0.383333333,"346,534,653,465,347",NA,"346,534,653,465,347","376,949,459,651,848","249,386,063,465,347","279,800,869,651,848","14,669,768,439,138","164,588,746,854,028",0.146697684,0.164588747,"1,882,738,927","138,404,878",-0.013776614,0.013776614
T27d_B51,T27,27,B5,Warm,Pred,0,1.02,0.61,0.41,0.383333333,"401,960,784,313,726",NA,"401,960,784,313,726","376,949,459,651,848","304,812,194,313,725","279,800,869,651,848","17,930,129,077,278","164,588,746,854,028",0.179301291,0.164588747,"1,882,738,927","138,404,878",-0.013776614,0.013776614
T05a_B73,T05,5,B7,Warm,Pred,2,1.04,0.84,0.2,0.21,"192,307,692,307,692","203,990,881,889,225","192,307,692,307,692","203,990,881,889,226","951,591,023,076,924","106,842,291,889,226",0.559759425,0.62848407,0.055975943,0.062848407,"19,706,386","1,411,725",-0.004667149,0.004667149
T05b_B72,T05,5,B7,Warm,Pred,2,1.03,0.83,0.2,0.21,"194,174,757,281,553","203,990,881,889,225","194,174,757,281,553","203,990,881,889,226","970,261,672,815,535","106,842,291,889,226",0.57074216,0.62848407,0.057074216,0.062848407,"19,706,386","1,411,725",-0.004667149,0.004667149
T05d_B71,T05,5,B7,Warm,Pred,1,1.02,0.79,0.23,0.21,"225,490,196,078,431","203,990,881,889,225","225,490,196,078,431","203,990,881,889,226","128,341,606,078,431","106,842,291,889,226",0.754950624,0.62848407,0.075495062,0.062848407,"19,706,386","1,411,725",-0.004667149,0.004667149
T15a_B73,T15,15,B7,Warm,Pred,2,1.03,0.8,0.23,0.266666667,"223,300,970,873,786","253,678,939,976,796","223,300,970,873,786","253,678,939,976,797","793,202,708,737,864","109,698,239,976,797",0.466589829,0.645283765,0.046658983,0.064528376,"19,706,386","1,411,725",-0.006316899,0.006316899
T15c_B72,T15,15,B7,Warm,Pred,1,1.06,0.77,0.29,0.266666667,"273,584,905,660,377",NA,"273,584,905,660,377","253,678,939,976,797","129,604,205,660,377","109,698,239,976,797",0.76237768,0.645283765,0.076237768,0.064528376,"19,706,386","1,411,725",-0.006316899,0.006316899
T15d_B71,T15,15,B7,Warm,Pred,1,1.06,0.78,0.28,0.266666667,"264,150,943,396,226",NA,"264,150,943,396,226","253,678,939,976,797","120,170,243,396,226","109,698,239,976,797",0.706883785,0.645283765,0.070688378,0.064528376,"19,706,386","1,411,725",-0.006316899,0.006316899
T27a_B71,T27,27,B7,Warm,Pred,2,1.02,0.64,0.38,0.383333333,"372,549,019,607,843","373,373,945,047,275","372,549,019,607,843","373,373,945,047,275","275,400,429,607,843","276,225,355,047,275","162,000,252,710,496","162,485,502,968,985",0.162000253,0.162485503,"19,706,386","1,411,725",-0.007884258,0.007884258
T27c_B73,T27,27,B7,Warm,Pred,2,1.03,0.66,0.37,0.383333333,"359,223,300,970,874",NA,"359,223,300,970,874","373,373,945,047,275","262,074,710,970,874","276,225,355,047,275","154,161,594,688,749","162,485,502,968,985",0.154161595,0.162485503,"19,706,386","1,411,725",-0.007884258,0.007884258
T27d_B72,T27,27,B7,Warm,Pred,1,1.03,0.63,0.4,0.383333333,"388,349,514,563,107",NA,"388,349,514,563,107","373,373,945,047,275","291,200,924,563,107","276,225,355,047,275","17,129,466,150,771","162,485,502,968,985",0.171294662,0.162485503,"19,706,386","1,411,725",-0.007884258,0.007884258
T05a_B93,T05,5,B9,Warm,Pred,3,1.02,0.83,0.19,0.196666667,"186,274,509,803,922","191,985,532,076,908","186,274,509,803,922","191,985,532,076,908","891,259,198,039,216","948,369,420,769,084",0.524270116,0.557864365,0.052427012,0.055786437,"1,879,805","1,383,125",-0.005851331,0.005851331
T05c_B92,T05,5,B9,Warm,Pred,3,1.02,0.88,0.14,0.196666667,"137,254,901,960,784","191,985,532,076,908","137,254,901,960,784","191,985,532,076,908","401,063,119,607,843","948,369,420,769,084",0.235919482,0.557864365,0.023591948,0.055786437,"1,879,805","1,383,125",-0.005851331,0.005851331
T05d_B91,T05,5,B9,Warm,Pred,1,1.03,0.77,0.26,0.196666667,"252,427,184,466,019","191,985,532,076,908","252,427,184,466,019","191,985,532,076,908","155,278,594,466,019","948,369,420,769,084",0.913403497,0.557864365,0.09134035,0.055786437,"1,879,805","1,383,125",-0.005851331,0.005851331
T15a_B91,T15,15,B9,Warm,Pred,2,1.01,0.78,0.23,0.293333333,"128,712,871,287,129","249,181,503,781,728","227,722,772,277,228","282,184,804,111,761","837,420,722,772,277","138,204,104,111,761",0.492600425,0.812965318,0.049260043,0.081296532,"1,879,805","1,383,125",-0.004191371,0.004191371
T15b_B92,T15,15,B9,Warm,Pred,0,1.04,0.73,0.31,0.293333333,"298,076,923,076,923",NA,"298,076,923,076,923","282,184,804,111,761","154,096,223,076,923","138,204,104,111,761",0.906448371,0.812965318,0.090644837,0.081296532,"1,879,805","1,383,125",-0.004191371,0.004191371
T15d_B93,T15,15,B9,Warm,Pred,NA,1.06,0.72,0.34,0.293333333,"320,754,716,981,132",NA,"320,754,716,981,132","282,184,804,111,761","176,774,016,981,132","138,204,104,111,761","103,984,715,871,254",0.812965318,0.103984716,0.081296532,"1,879,805","1,383,125",-0.004191371,0.004191371
T27a_B92,T27,27,B9,Warm,Pred,0,1.07,0.65,0.42,0.403333333,"392,523,364,485,981","3,807,213,036,185","392,523,364,485,981","3,807,213,036,185","295,374,774,485,981","2,835,727,136,185","173,749,867,344,695","166,807,478,599,118",0.173749867,0.166807479,"1,879,805","1,383,125",-0.008587792,0.008587792
T27c_B93,T27,27,B9,Warm,Pred,2,1.07,0.7,0.37,0.403333333,"345,794,392,523,364",NA,"345,794,392,523,365","3,807,213,036,185","248,645,802,523,365","2,835,727,136,185","14,626,223,677,845","166,807,478,599,118",0.146262237,0.166807479,"1,879,805","1,383,125",-0.008587792,0.008587792
T27d_B91,T27,27,B9,Warm,Pred,1,1.04,0.62,0.42,0.403333333,"403,846,153,846,154",NA,"403,846,153,846,154","3,807,213,036,185","306,697,563,846,154","2,835,727,136,185","180,410,331,674,208","166,807,478,599,118",0.180410332,0.166807479,"1,879,805","1,383,125",-0.008587792,0.008587792
T05a_C_B62,T05,5,C,C,C,NA,1.04,0.93,0.11,0.101,"105,769,230,769,231",NA,"105,769,230,769,231","971,485,948,868,254",NA,NA,NA,NA,NA,NA,NA,NA,NA,NA
T05a_C_aa,T05,5,C,C,C,NA,1.06,0.94,0.12,0.101,"113,207,547,169,811",NA,"113,207,547,169,811","971,485,948,868,254",NA,NA,NA,NA,NA,NA,NA,NA,NA,NA
T05b_C_B63,T05,5,C,C,C,NA,1.02,0.94,0.08,0.101,"784,313,725,490,196",NA,"784,313,725,490,197","971,485,948,868,254",NA,NA,NA,NA,NA,NA,NA,NA,NA,NA
T05b_C_C81,T05,5,C,C,C,NA,1.06,0.92,0.14,0.101,"132,075,471,698,113",NA,"132,075,471,698,113","971,485,948,868,254",NA,NA,NA,NA,NA,NA,NA,NA,NA,NA
T05c_C_C82,T05,5,C,C,C,NA,1.02,0.93,0.09,0.101,"882,352,941,176,471",NA,"88,235,294,117,647","971,485,948,868,254",NA,NA,NA,NA,NA,NA,NA,NA,NA,NA
T05c_C_bb,T05,5,C,C,C,NA,1.03,0.95,0.08,0.101,"776,699,029,126,214",NA,"776,699,029,126,214","971,485,948,868,254",NA,NA,NA,NA,NA,NA,NA,NA,NA,NA
T05c_C_B61,T05,5,C,C,C,NA,1.04,0.93,0.11,0.101,"105,769,230,769,231",NA,"105,769,230,769,231","971,485,948,868,254",NA,NA,NA,NA,NA,NA,NA,NA,NA,NA
T05c_C_C53,T05,5,C,C,C,NA,1.06,0.92,0.14,0.101,"132,075,471,698,113",NA,"132,075,471,698,113","971,485,948,868,254",NA,NA,NA,NA,NA,NA,NA,NA,NA,NA
T05d_C_C83,T05,5,C,C,C,NA,1,0.92,0.08,0.101,8,NA,8,"971,485,948,868,254",NA,NA,NA,NA,NA,NA,NA,NA,NA,NA
T05d_C_cc,T05,5,C,C,C,NA,1.03,0.97,0.06,0.101,"58,252,427,184,466",NA,"582,524,271,844,661","971,485,948,868,254",NA,NA,NA,NA,NA,NA,NA,NA,NA,NA
T15a_C_C82,T15,15,C,C,C,NA,1.03,0.89,0.14,0.15,"135,922,330,097,087",NA,"135,922,330,097,087","143,980,569,234,586",NA,NA,NA,NA,NA,NA,NA,NA,NA,NA
T15a_C_C81,T15,15,C,C,C,NA,1.02,0.9,0.12,0.15,"117,647,058,823,529",NA,"117,647,058,823,529","143,980,569,234,586",NA,NA,NA,NA,NA,NA,NA,NA,NA,NA
T15a_C_C83,T15,15,C,C,C,NA,1.01,0.88,0.13,0.15,"128,712,871,287,129",NA,"128,712,871,287,129","143,980,569,234,586",NA,NA,NA,NA,NA,NA,NA,NA,NA,NA
T15b_C_aa,T15,15,C,C,C,NA,1.07,0.89,0.18,0.15,"168,224,299,065,421",NA,"168,224,299,065,421","143,980,569,234,586",NA,NA,NA,NA,NA,NA,NA,NA,NA,NA
T15b_C_B63,T15,15,C,C,C,NA,1.02,0.9,0.12,0.15,"117,647,058,823,529",NA,"117,647,058,823,529","143,980,569,234,586",NA,NA,NA,NA,NA,NA,NA,NA,NA,NA
T15c_C_B62,T15,15,C,C,C,NA,1.01,0.85,0.16,0.15,"158,415,841,584,158",NA,"158,415,841,584,158","143,980,569,234,586",NA,NA,NA,NA,NA,NA,NA,NA,NA,NA
T15c_C_bb,T15,15,C,C,C,NA,1.03,0.89,0.14,0.15,"135,922,330,097,087",NA,"135,922,330,097,087","143,980,569,234,586",NA,NA,NA,NA,NA,NA,NA,NA,NA,NA
T15d_C_cc,T15,15,C,C,C,NA,1.08,0.9,0.18,0.15,"166,666,666,666,667",NA,"166,666,666,666,667","143,980,569,234,586",NA,NA,NA,NA,NA,NA,NA,NA,NA,NA
T15d_C_B61,T15,15,C,C,C,NA,1.08,0.9,0.18,0.15,"166,666,666,666,667",NA,"166,666,666,666,667","143,980,569,234,586",NA,NA,NA,NA,NA,NA,NA,NA,NA,NA
T27a_C_C83,T27,27,C,C,C,NA,1.06,0.91,0.15,0.173333333,"141,509,433,962,264",NA,"141,509,433,962,264","167,451,705,601,334",NA,NA,NA,NA,NA,NA,NA,NA,NA,NA
T27a_C_C81,T27,27,C,C,C,NA,1.06,0.88,0.18,0.173333333,"169,811,320,754,717",NA,"169,811,320,754,717","167,451,705,601,334",NA,NA,NA,NA,NA,NA,NA,NA,NA,NA
T27a_C_C82,T27,27,C,C,C,NA,1.06,0.86,0.2,0.173333333,"188,679,245,283,019",NA,"188,679,245,283,019","167,451,705,601,334",NA,NA,NA,NA,NA,NA,NA,NA,NA,NA
T27b_C_aa,T27,27,C,C,C,NA,1.02,0.83,0.19,0.173333333,"186,274,509,803,922",NA,"186,274,509,803,922","167,451,705,601,334",NA,NA,NA,NA,NA,NA,NA,NA,NA,NA
T27b_C_bb,T27,27,C,C,C,NA,1,0.88,0.12,0.173333333,12,NA,12,"167,451,705,601,334",NA,NA,NA,NA,NA,NA,NA,NA,NA,NA
T27c_C_cc,T27,27,C,C,C,NA,1.02,0.9,0.12,0.173333333,"117,647,058,823,529",NA,"117,647,058,823,529","167,451,705,601,334",NA,NA,NA,NA,NA,NA,NA,NA,NA,NA
T27c_C_dd,T27,27,C,C,C,NA,1.03,0.86,0.17,0.173333333,"16,504,854,368,932",NA,"16,504,854,368,932","167,451,705,601,334",NA,NA,NA,NA,NA,NA,NA,NA,NA,NA
T27d_C_ee,T27,27,C,C,C,NA,1,0.82,0.18,0.173333333,18,NA,18,"167,451,705,601,334",NA,NA,NA,NA,NA,NA,NA,NA,NA,NA
T27d_C_ff,T27,27,C,C,C,NA,1.05,0.8,0.25,0.173333333,"238,095,238,095,238",NA,"238,095,238,095,238","167,451,705,601,334",NA,NA,NA,NA,NA,NA,NA,NA,NA,NA
T05b_C11,T05,5,C1,Ambiant,Pred,2,1.04,0.82,0.22,0.196666667,"211,538,461,538,462","189,662,683,594,723","211,538,461,538,462","189,662,683,594,723","114,389,871,538,462","925,140,935,947,225",0.672881597,0.544200551,0.06728816,0.054420055,"2,206,536","1,486",-0.003994264,0.003994264
T05c_C12,T05,5,C1,Ambiant,Pred,2,1.03,0.85,0.18,0.196666667,"174,757,281,553,398",NA,"174,757,281,553,398","189,662,683,594,723","776,086,915,533,981","925,140,935,947,225",0.456521715,0.544200551,0.045652172,0.054420055,"2,206,536","1,486",-0.003994264,0.003994264
T05d_C13,T05,5,C1,Ambiant,Pred,3,1.04,0.85,0.19,0.196666667,"182,692,307,692,308",NA,"182,692,307,692,308","189,662,683,594,723","855,437,176,923,077","925,140,935,947,225",0.503198339,0.544200551,0.050319834,0.054420055,"2,206,536","1,486",-0.003994264,0.003994264
T15b_C11,T15,15,C1,Ambiant,Pred,2,1.04,0.73,0.31,0.296666667,"298,076,923,076,923","286,574,865,759,435","298,076,923,076,923","286,574,865,759,435","200,928,333,076,923","189,426,275,759,435","118,193,137,104,072","111,427,221,034,962",0.118193137,0.111427221,"2,206,536","1,486",-0.007055621,0.007055621
T15c_C13,T15,15,C1,Ambiant,Pred,0,1.01,0.7,0.31,0.296666667,"306,930,693,069,307",NA,"306,930,693,069,307","286,574,865,759,435","209,782,103,069,307","189,426,275,759,435","123,401,237,099,592","111,427,221,034,962",0.123401237,0.111427221,"2,206,536","1,486",-0.007055621,0.007055621
T15d_C12,T15,15,C1,Ambiant,Pred,2,1.06,0.79,0.27,0.296666667,"254,716,981,132,075",NA,"254,716,981,132,075","286,574,865,759,435","157,568,391,132,075","189,426,275,759,435",0.926872889,"111,427,221,034,962",0.092687289,0.111427221,"2,206,536","1,486",-0.007055621,0.007055621
T27a_C11,T27,27,C1,Ambiant,Pred,3,1.03,0.66,0.37,0.383333333,"359,223,300,970,874","36,807,657,158,378","359,223,300,970,874","36,807,657,158,378","262,074,710,970,874","27,092,798,158,378","154,161,594,688,749","159,369,400,931,635",0.154161595,0.159369401,"2,206,536","1,486",-0.018782025,0.018782025
T27b_C13,T27,27,C1,Ambiant,Pred,3,1.02,0.67,0.35,0.383333333,"343,137,254,901,961",NA,"343,137,254,901,961","36,807,657,158,378","245,988,664,901,961","27,092,798,158,378","144,699,214,648,212","159,369,400,931,635",0.144699215,0.159369401,"2,206,536","1,486",-0.018782025,0.018782025
T27c_C12,T27,27,C1,Ambiant,Pred,1,1.07,0.64,0.43,0.383333333,"401,869,158,878,505",NA,"401,869,158,878,505","36,807,657,158,378","304,720,568,878,505","27,092,798,158,378","179,247,393,457,944","159,369,400,931,635",0.179247393,0.159369401,"2,206,536","1,486",-0.018782025,0.018782025
T05a_C33,T05,5,C3,Ambiant,Pred,1,1.01,0.79,0.22,0.216666667,"217,821,782,178,218","211,378,280,685,211","217,821,782,178,218","211,378,280,685,211","120,673,192,178,218","114,229,690,685,211",0.709842307,0.671939357,0.070984231,0.067193936,"24,961,078","1,577,175",-0.004826155,0.004826155
T05c_C32,T05,5,C3,Ambiant,Pred,2,1.01,0.83,0.18,0.216666667,"178,217,821,782,178",NA,"178,217,821,782,178","211,378,280,685,211","810,692,317,821,783","114,229,690,685,211",0.476877834,0.671939357,0.047687783,0.067193936,"24,961,078","1,577,175",-0.004826155,0.004826155
T05d_C31,T05,5,C3,Ambiant,Pred,1,1.05,0.8,0.25,0.216666667,"238,095,238,095,238",NA,"238,095,238,095,238","211,378,280,685,211","140,946,648,095,238","114,229,690,685,211",0.82909793,0.671939357,0.082909793,0.067193936,"24,961,078","1,577,175",-0.004826155,0.004826155
T15a_C33,T15,15,C3,Ambiant,Pred,1,1.03,0.75,0.28,0.283333333,"271,844,660,194,175","274,178,491,411,501","271,844,660,194,175","274,178,491,411,501","174,696,070,194,175","177,029,901,411,501","102,762,394,231,868","104,135,236,124,412",0.102762394,0.104135236,"24,961,078","1,577,175",-0.005450494,0.005450494
T15b_C32,T15,15,C3,Ambiant,Pred,2,1.03,0.75,0.28,0.283333333,"271,844,660,194,175",NA,"271,844,660,194,175","274,178,491,411,501","174,696,070,194,175","177,029,901,411,501","102,762,394,231,868","104,135,236,124,412",0.102762394,0.104135236,"24,961,078","1,577,175",-0.005450494,0.005450494
T15d_C31,T15,15,C3,Ambiant,Pred,2,1.04,0.75,0.29,0.283333333,"278,846,153,846,154",NA,"278,846,153,846,154","274,178,491,411,501","181,697,563,846,154","177,029,901,411,501","106,880,919,909,502","104,135,236,124,412",0.10688092,0.104135236,"24,961,078","1,577,175",-0.005450494,0.005450494
T27a_C32,T27,27,C3,Ambiant,Pred,2,1.07,0.71,0.36,0.383333333,"336,448,598,130,841","342,760,093,766,386","336,448,598,130,841","342,760,093,766,386","239,300,008,130,841","245,611,503,766,386","140,764,710,665,201","144,477,355,156,698",0.140764711,0.144477355,"24,961,078","1,577,175",-0.010430788,0.010430788
T27b_C31,T27,27,C3,Ambiant,Pred,3,1.01,0.69,0.32,0.383333333,"316,831,683,168,317",NA,"316,831,683,168,317","342,760,093,766,386","219,683,093,168,317","245,611,503,766,386","129,225,348,922,539","144,477,355,156,698",0.129225349,0.144477355,"24,961,078","1,577,175",-0.010430788,0.010430788
T27d_C33,T27,27,C3,Ambiant,Pred,2,1.04,0.65,0.39,0.383333333,37.5,NA,37.5,"342,760,093,766,386","27,785,141","245,611,503,766,386","163,442,005,882,353","144,477,355,156,698",0.163442006,0.144477355,"24,961,078","1,577,175",-0.010430788,0.010430788
T05a_C51,T05,5,C5,Ambiant,Ctrl,2,1.06,0.84,0.22,0.2,"207,547,169,811,321","188,679,245,283,019","207,547,169,811,321","186,683,599,419,449","110,398,579,811,321","915,306,552,830,189",0.649403411,0.538415619,0.064940341,0.053841562,"18,673,392","13,792",-0.004648454,0.004648454
T05b_C52,T05,5,C5,Ambiant,Ctrl,3,1.06,0.88,0.18,0.2,"169,811,320,754,717",NA,"169,811,320,754,717","186,683,599,419,449","72,662,730,754,717","915,306,552,830,189",0.427427828,0.538415619,0.042742783,0.053841562,"18,673,392","13,792",-0.004648454,0.004648454
T15a_C51,T15,15,C5,Ambiant,Ctrl,3,1.02,0.77,0.25,0.283333333,"245,098,039,215,686","272,071,866,966,428","245,098,039,215,686","272,071,866,966,429","147,949,449,215,686","174,923,276,966,429",0.870290878,"10,289,604,527,437",0.087029088,0.102896045,"18,673,392","13,792",-0.00594112,0.00594112
T15c_C52,T15,15,C5,Ambiant,Ctrl,1,1.06,0.74,0.32,0.283333333,"30,188,679,245,283",NA,"30,188,679,245,283","272,071,866,966,429","20,473,820,245,283","174,923,276,966,429","120,434,236,736,959","10,289,604,527,437",0.120434237,0.102896045,"18,673,392","13,792",-0.00594112,0.00594112
T15d_C53,T15,15,C5,Ambiant,Ctrl,3,1.04,0.76,0.28,0.283333333,"269,230,769,230,769",NA,"269,230,769,230,769","272,071,866,966,429","172,082,179,230,769","174,923,276,966,429","101,224,811,312,217","10,289,604,527,437",0.101224811,0.102896045,"18,673,392","13,792",-0.00594112,0.00594112
T27a_C53,T27,27,C5,Ambiant,Ctrl,1,1.01,0.61,0.4,0.423333333,"396,039,603,960,396","404,147,240,120,838","396,039,603,960,396","404,147,240,120,838","298,891,013,960,396","306,998,650,120,837","175,818,243,506,115","180,587,441,247,551",0.175818244,0.180587441,"18,673,392","13,792",-0.006644121,0.006644121
T27b_C52,T27,27,C5,Ambiant,Ctrl,1,1.05,0.64,0.41,0.423333333,"390,476,190,476,191",NA,"390,476,190,476,191","404,147,240,120,838","293,327,600,476,191","306,998,650,120,837","172,545,647,338,936","180,587,441,247,551",0.172545647,0.180587441,"18,673,392","13,792",-0.006644121,0.006644121
T27c_C51,T27,27,C5,Ambiant,Ctrl,0,1.08,0.62,0.46,0.423333333,"425,925,925,925,926",NA,"425,925,925,925,926","404,147,240,120,838","328,777,335,925,926","306,998,650,120,837","193,398,432,897,603","180,587,441,247,551",0.193398433,0.180587441,"18,673,392","13,792",-0.006644121,0.006644121
T05b_C91,T05,5,C9,Ambiant,Pred,2,1.04,0.85,0.19,0.19,"182,692,307,692,308","186,871,033,257,172","182,692,307,692,308","186,871,033,257,172","855,437,176,923,077","897,224,432,571,719",0.503198339,0.527779078,0.050319834,0.052777908,"19,261,746","1,397,725",-0.003700708,0.003700708
T05c_C92,T05,5,C9,Ambiant,Pred,3,1,0.83,0.17,0.19,17,NA,17,"186,871,033,257,172","7,285,141","897,224,432,571,719",0.428537706,0.527779078,0.042853771,0.052777908,"19,261,746","1,397,725",-0.003700708,0.003700708
T05d_C93,T05,5,C9,Ambiant,Pred,1,1.01,0.8,0.21,0.19,"207,920,792,079,208",NA,"207,920,792,079,208","186,871,033,257,172","110,772,202,079,208","897,224,432,571,719",0.651601189,0.527779078,0.065160119,0.052777908,"19,261,746","1,397,725",-0.003700708,0.003700708
T15b_C93,T15,15,C9,Ambiant,Pred,1,1.04,0.73,0.31,0.276666667,"298,076,923,076,923","269,615,384,615,385","298,076,923,076,923","269,615,384,615,385","200,928,333,076,923","172,466,794,615,385","118,193,137,104,072","101,451,055,656,109",0.118193137,0.101451056,"19,261,746","1,397,725",-0.005732178,0.005732178
T15c_C91,T15,15,C9,Ambiant,Pred,1,1,0.72,0.28,0.276666667,28,NA,28,"269,615,384,615,385","18,285,141","172,466,794,615,385","107,559,652,941,176","101,451,055,656,109",0.107559653,0.101451056,"19,261,746","1,397,725",-0.005732178,0.005732178
T15d_C92,T15,15,C9,Ambiant,Pred,3,1.04,0.8,0.24,0.276666667,"230,769,230,769,231",NA,"230,769,230,769,231","269,615,384,615,385","133,620,640,769,231","172,466,794,615,385",0.786003769,"101,451,055,656,109",0.078600377,0.101451056,"19,261,746","1,397,725",-0.005732178,0.005732178
T27b_C91,T27,27,C9,Ambiant,Pred,2,1.08,0.69,0.39,0.403333333,"361,111,111,111,111","380,687,830,687,831","361,111,111,111,111","380,687,830,687,831","263,962,521,111,111","283,539,240,687,831","15,527,207,124,183","1,667,877,886,399",0.155272071,0.166787789,"19,261,746","1,397,725",-0.008666393,0.008666393
T27c_C92,T27,27,C9,Ambiant,Pred,1,1.05,0.62,0.43,0.403333333,"40,952,380,952,381",NA,"40,952,380,952,381","380,687,830,687,831","31,237,521,952,381","283,539,240,687,831","183,750,129,131,653","1,667,877,886,399",0.183750129,0.166787789,"19,261,746","1,397,725",-0.008666393,0.008666393
T27d_C93,T27,27,C9,Ambiant,Pred,2,1.05,0.66,0.39,0.403333333,"371,428,571,428,571",NA,"371,428,571,428,571","380,687,830,687,831","274,279,981,428,571","283,539,240,687,831","161,341,165,546,219","1,667,877,886,399",0.161341166,0.166787789,"19,261,746","1,397,725",-0.008666393,0.008666393
T05a_D63,T05,5,D6,Ambiant,Ctrl,0,1.04,0.79,0.25,0.2,"240,384,615,384,615","19,399,964,367,126","240,384,615,384,615","19,399,964,367,126","143,236,025,384,615","968,510,536,712,599",0.842564855,0.56971208,0.084256486,0.056971208,"20,344,762","1,431,825",-0.00419291,0.00419291
T05b_D61,T05,5,D6,Ambiant,Ctrl,2,1.02,0.83,0.19,0.2,"186,274,509,803,922",NA,"186,274,509,803,922","19,399,964,367,126","891,259,198,039,216","968,510,536,712,599",0.524270116,0.56971208,0.052427012,0.056971208,"20,344,762","1,431,825",-0.00419291,0.00419291
T05c_D62,T05,5,D6,Ambiant,Ctrl,3,1.03,0.87,0.16,0.2,"155,339,805,825,243",NA,"155,339,805,825,243","19,399,964,367,126","581,912,158,252,427","968,510,536,712,599",0.34230127,0.56971208,0.034230127,0.056971208,"20,344,762","1,431,825",-0.00419291,0.00419291
T15a_D63,T15,15,D6,Ambiant,Ctrl,1,1.06,0.75,0.31,0.293333333,"292,452,830,188,679","277,538,185,085,355","292,452,830,188,679","277,538,185,085,355","195,304,240,188,679","180,389,595,085,355","114,884,847,169,811","106,111,526,520,797",0.114884847,0.106111527,"20,344,762","1,431,825",-0.006195373,0.006195373
T15b_D62,T15,15,D6,Ambiant,Ctrl,2,1.05,0.78,0.27,0.293333333,"257,142,857,142,857",NA,"257,142,857,142,857","277,538,185,085,355","159,994,267,142,857","180,389,595,085,355",0.941142748,"106,111,526,520,797",0.094114275,0.106111527,"20,344,762","1,431,825",-0.006195373,0.006195373
T15d_D61,T15,15,D6,Ambiant,Ctrl,2,1.06,0.76,0.3,0.293333333,"283,018,867,924,528",NA,"283,018,867,924,528","277,538,185,085,355","185,870,277,924,528","180,389,595,085,355","109,335,457,602,664","106,111,526,520,797",0.109335458,0.106111527,"20,344,762","1,431,825",-0.006195373,0.006195373
T27a_D61,T27,27,D6,Ambiant,Ctrl,0,1.07,0.62,0.45,0.416666667,"420,560,747,663,551","397,983,367,801,949","420,560,747,663,551","397,983,367,801,949","323,412,157,663,552","300,834,777,801,949","190,242,445,684,442","176,961,634,001,147",0.190242446,0.176961634,"20,344,762","1,431,825",-0.007988048,0.007988048
T27c_D62,T27,27,D6,Ambiant,Ctrl,2,1.05,0.66,0.39,0.416666667,"371,428,571,428,571",NA,"371,428,571,428,571","397,983,367,801,949","274,279,981,428,571","300,834,777,801,949","161,341,165,546,219","176,961,634,001,147",0.161341166,0.176961634,"20,344,762","1,431,825",-0.007988048,0.007988048
T27d_D63,T27,27,D6,Ambiant,Ctrl,2,1.02,0.61,0.41,0.416666667,"401,960,784,313,726",NA,"401,960,784,313,726","397,983,367,801,949","304,812,194,313,725","300,834,777,801,949","17,930,129,077,278","176,961,634,001,147",0.179301291,0.176961634,"20,344,762","1,431,825",-0.007988048,0.007988048
T05a_D71,T05,5,D7,Warm,Ctrl,2,1.02,0.83,0.19,0.203333333,"186,274,509,803,922","19,961,593,532,283","186,274,509,803,922","19,961,593,532,283","891,259,198,039,216","10,246,734,532,283",0.524270116,0.60274909,0.052427012,0.060274909,"1,798,817","1,357,625",-0.007826738,0.007826738
T05b_D72,T05,5,D7,Warm,Ctrl,1,1.01,0.76,0.25,0.203333333,"247,524,752,475,248",NA,"247,524,752,475,248","19,961,593,532,283","150,376,162,475,248","10,246,734,532,283",0.884565662,0.60274909,0.088456566,0.060274909,"1,798,817","1,357,625",-0.007826738,0.007826738
T05c_D73,T05,5,D7,Warm,Ctrl,3,1.03,0.86,0.17,0.203333333,"16,504,854,368,932",NA,"16,504,854,368,932","19,961,593,532,283","678,999,536,893,204","10,246,734,532,283",0.399411492,0.60274909,0.039941149,0.060274909,"1,798,817","1,357,625",-0.007826738,0.007826738
T15a_D71,T15,15,D7,Warm,Ctrl,1,1.05,0.77,0.28,0.276666667,"266,666,666,666,667","270,261,437,908,497","266,666,666,666,667","270,261,437,908,497","169,518,076,666,667","173,112,847,908,497",0.997165157,"101,831,087,004,998",0.099716516,0.101831087,"1,798,817","1,357,625",-0.007109164,0.007109164
T15b_D72,T15,15,D7,Warm,Ctrl,1,1.02,0.72,0.3,0.276666667,"294,117,647,058,824",NA,"294,117,647,058,824","270,261,437,908,497","196,969,057,058,824","173,112,847,908,497","115,864,151,211,073","101,831,087,004,998",0.115864151,0.101831087,"1,798,817","1,357,625",-0.007109164,0.007109164
T15c_D73,T15,15,D7,Warm,Ctrl,2,1,0.75,0.25,0.276666667,25,NA,25,"270,261,437,908,497","15,285,141","173,112,847,908,497",0.899125941,"101,831,087,004,998",0.089912594,0.101831087,"1,798,817","1,357,625",-0.007109164,0.007109164
T27b_D73,T27,27,D7,Warm,Ctrl,0,1.01,0.58,0.43,0.46,"425,742,574,257,426","442,153,784,111,565","425,742,574,257,426","442,153,784,111,565","328,593,984,257,426","345,005,194,111,565","193,290,578,974,956","202,944,231,830,332",0.193290579,0.202944232,"1,798,817","1,357,625",-0.018261637,0.018261637
T27c_D72,T27,27,D7,Warm,Ctrl,0,1.06,0.61,0.45,0.46,"424,528,301,886,793",NA,"424,528,301,886,792","442,153,784,111,565","327,379,711,886,792","345,005,194,111,565","192,576,301,109,878","202,944,231,830,332",0.192576301,0.202944232,"1,798,817","1,357,625",-0.018261637,0.018261637
T27d_D71,T27,27,D7,Warm,Ctrl,0,1.05,0.55,0.5,0.46,"476,190,476,190,476",NA,"476,190,476,190,476","442,153,784,111,565","379,041,886,190,476","345,005,194,111,565","222,965,815,406,162","202,944,231,830,332",0.222965815,0.202944232,"1,798,817","1,357,625",-0.018261637,0.018261637